,time,icao24,lat,lon,velocity,heading,vertrate,callsign,onground,alert,spi,squawk,baroaltitude,geoaltitude,lastposupdate,lastcontact
2263581,1645328654,a526f5,47.49847412109375,-98.5814208984375,90.4397819329371,244.7468366054261,0.0,,False,False,False,,5021.58,4846.32,1645328653.146,1645328653.688
2263582,1645328655,a526f5,47.49847412109375,-98.5814208984375,90.4397819329371,244.7468366054261,0.0,,False,False,False,,5021.58,4846.32,1645328653.146,1645328653.688
2263583,1645328656,a526f5,47.49766721563824,-98.58391394981976,90.4397819329371,244.7468366054261,0.0,,False,False,False,,5021.58,4846.32,1645328655.874,1645328655.874
2263584,1645328657,a526f5,47.49714660644531,-98.58554077148438,90.4397819329371,244.7468366054261,0.0,,False,False,False,,5021.58,4846.32,1645328656.964,1645328656.964
2263585,1645328658,a526f5,47.49714660644531,-98.58554077148438,90.4397819329371,244.7468366054261,0.0,,False,False,False,,5021.58,4846.32,1645328656.964,1645328656.964
2263586,1645328659,a526f5,47.49714660644531,-98.58554077148438,90.4397819329371,244.7468366054261,0.0,,False,False,False,,5021.58,4846.32,1645328656.964,1645328656.964
2263587,1645328660,a526f5,47.49714660644531,-98.58554077148438,90.4397819329371,244.7468366054261,0.0,,False,False,False,,5021.58,4846.32,1645328656.964,1645328656.964
2263588,1645328661,a526f5,47.49714660644531,-98.58554077148438,90.66044729140019,244.4527870602187,0.0,N431BG  ,False,False,False,,5021.58,4846.32,1645328656.964,1645328660.786
2263589,1645328662,a526f5,47.49714660644531,-98.58554077148438,90.66044729140019,244.4527870602187,0.0,N431BG  ,False,False,False,,5021.58,4846.32,1645328656.964,1645328660.786
2263590,1645328663,a526f5,47.49540710449219,-98.5909652709961,90.66044729140019,244.4527870602187,0.0,N431BG  ,False,False,False,,5021.58,4846.32,1645328662.268,1645328662.268
2263591,1645328664,a526f5,47.49540710449219,-98.5909652709961,90.66044729140019,244.4527870602187,0.0,N431BG  ,False,False,False,,5021.58,4846.32,1645328662.268,1645328662.268
2263592,1645328665,a526f5,47.49540710449219,-98.5909652709961,90.66044729140019,244.4527870602187,0.0,N431BG  ,False,False,False,,5021.58,4846.32,1645328662.268,1645328662.268
2263593,1645328666,a526f5,47.49407958984375,-98.5949478149414,90.66044729140019,244.4527870602187,0.0,N431BG  ,False,False,False,,5021.58,4846.32,1645328665.728,1645328665.728
2263594,1645328667,a526f5,47.493804931640625,-98.59590911865234,90.66044729140019,244.4527870602187,0.0,N431BG  ,False,False,False,,5021.58,4846.32,1645328666.79,1645328666.79
2263595,1645328668,a526f5,47.49361717094809,-98.59644963191107,90.66044729140019,244.4527870602187,0.0,N431BG  ,False,False,False,,5021.58,4846.32,1645328667.34,1645328667.34
2263596,1645328669,a526f5,47.49361717094809,-98.59644963191107,90.66044729140019,244.4527870602187,0.0,N431BG  ,False,False,False,,5021.58,4846.32,1645328667.34,1645328667.34
2263597,1645328670,a526f5,47.49361717094809,-98.59644963191107,90.66044729140019,244.4527870602187,0.0,N431BG  ,False,False,False,,5021.58,4846.32,1645328667.34,1645328667.34
2263598,1645328671,a526f5,47.49361717094809,-98.59644963191107,90.66044729140019,244.4527870602187,0.0,N431BG  ,False,False,False,,5021.58,4846.32,1645328667.34,1645328670.62
2263599,1645328672,a526f5,47.49361717094809,-98.59644963191107,90.66044729140019,244.4527870602187,0.0,N431BG  ,False,False,False,,5021.58,4846.32,1645328667.34,1645328671.712
2263600,1645328673,a526f5,47.491607666015625,-98.6026382446289,90.66044729140019,244.4527870602187,0.0,N431BG  ,False,False,False,,5021.58,4846.32,1645328672.8,1645328672.8
2263601,1645328674,a526f5,47.491607666015625,-98.6026382446289,90.66044729140019,244.4527870602187,0.0,N431BG  ,False,False,False,,5021.58,4846.32,1645328672.8,1645328673.897
2263602,1645328675,a526f5,47.491607666015625,-98.6026382446289,90.66044729140019,244.4527870602187,0.0,N431BG  ,False,False,False,,5021.58,4846.32,1645328672.8,1645328673.897
2263603,1645328676,a526f5,47.491607666015625,-98.6026382446289,90.66044729140019,244.4527870602187,0.0,N431BG  ,False,False,False,,5021.58,4846.32,1645328672.8,1645328673.897
2263604,1645328677,a526f5,47.491607666015625,-98.6026382446289,90.66044729140019,244.4527870602187,0.0,N431BG  ,False,False,False,,5021.58,4846.32,1645328672.8,1645328673.897
2263605,1645328678,a526f5,47.491607666015625,-98.6026382446289,90.66044729140019,244.4527870602187,0.0,N431BG  ,False,False,False,,5021.58,4846.32,1645328672.8,1645328673.897
2263606,1645328679,a526f5,47.491607666015625,-98.6026382446289,90.66044729140019,244.4527870602187,0.0,N431BG  ,False,False,False,,5021.58,4846.32,1645328672.8,1645328673.897
2263607,1645328680,a526f5,47.491607666015625,-98.6026382446289,90.66044729140019,244.4527870602187,0.0,N431BG  ,False,False,False,,5021.58,4846.32,1645328672.8,1645328673.897
2263608,1645328681,a526f5,47.491607666015625,-98.6026382446289,90.66044729140019,244.4527870602187,0.0,N431BG  ,False,False,False,,5021.58,4846.32,1645328672.8,1645328673.897
2263609,1645328682,a526f5,47.491607666015625,-98.6026382446289,90.66044729140019,244.4527870602187,0.0,N431BG  ,False,False,False,,5021.58,4846.32,1645328672.8,1645328673.897
2263610,1645328683,a526f5,47.491607666015625,-98.6026382446289,90.66044729140019,244.4527870602187,0.0,N431BG  ,False,False,False,,5021.58,4846.32,1645328672.8,1645328673.897
2263611,1645328684,a526f5,47.491607666015625,-98.6026382446289,90.66044729140019,244.4527870602187,0.0,N431BG  ,False,False,False,,5021.58,4846.32,1645328672.8,1645328673.897
2263612,1645328685,a526f5,47.491607666015625,-98.6026382446289,90.66044729140019,244.4527870602187,0.0,N431BG  ,False,False,False,,5021.58,4846.32,1645328672.8,1645328673.897
2263613,1645328686,a526f5,47.491607666015625,-98.6026382446289,90.66044729140019,244.4527870602187,0.0,N431BG  ,False,False,False,,5021.58,4846.32,1645328672.8,1645328673.897
2263614,1645328687,a526f5,47.491607666015625,-98.6026382446289,90.66044729140019,244.4527870602187,0.0,N431BG  ,False,False,False,,5021.58,4846.32,1645328672.8,1645328673.897
2263615,1645328688,a526f5,47.491607666015625,-98.6026382446289,90.66044729140019,244.4527870602187,0.0,N431BG  ,False,False,False,,5021.58,4846.32,1645328672.8,1645328673.897
2263616,1645328689,a526f5,47.491607666015625,-98.6026382446289,90.66044729140019,244.4527870602187,0.0,N431BG  ,False,False,False,,5021.58,4846.32,1645328672.8,1645328673.897
2263617,1645328690,a526f5,47.491607666015625,-98.6026382446289,90.66044729140019,244.4527870602187,0.0,N431BG  ,False,False,False,,5021.58,4846.32,1645328672.8,1645328673.897
2263618,1645328691,a526f5,47.491607666015625,-98.6026382446289,90.66044729140019,244.4527870602187,0.0,N431BG  ,False,False,False,,5021.58,4846.32,1645328672.8,1645328673.897
2263619,1645328692,a526f5,47.491607666015625,-98.6026382446289,90.66044729140019,244.4527870602187,0.0,N431BG  ,False,False,False,,5021.58,4846.32,1645328672.8,1645328673.897
2263620,1645328693,a526f5,47.491607666015625,-98.6026382446289,90.66044729140019,244.4527870602187,0.0,N431BG  ,False,False,False,,5021.58,4846.32,1645328672.8,1645328673.897
2263621,1645328694,a526f5,47.491607666015625,-98.6026382446289,90.66044729140019,244.4527870602187,0.0,N431BG  ,False,False,False,,5021.58,4846.32,1645328672.8,1645328673.897
2263622,1645328695,a526f5,47.491607666015625,-98.6026382446289,90.66044729140019,244.4527870602187,0.0,N431BG  ,False,False,False,,5021.58,4846.32,1645328672.8,1645328673.897
2263623,1645328696,a526f5,47.491607666015625,-98.6026382446289,90.66044729140019,244.4527870602187,0.0,N431BG  ,False,False,False,,5021.58,4846.32,1645328672.8,1645328673.897
2263624,1645328697,a526f5,47.491607666015625,-98.6026382446289,90.66044729140019,244.4527870602187,0.0,N431BG  ,False,False,False,,5021.58,4846.32,1645328672.8,1645328673.897
2263625,1645328698,a526f5,47.491607666015625,-98.6026382446289,90.66044729140019,244.4527870602187,0.0,N431BG  ,False,False,False,,5021.58,4846.32,1645328672.8,1645328673.897
2263626,1645328699,a526f5,47.491607666015625,-98.6026382446289,90.66044729140019,244.4527870602187,0.0,N431BG  ,False,False,False,,5021.58,4846.32,1645328672.8,1645328673.897
2263627,1645328700,a526f5,47.491607666015625,-98.6026382446289,90.66044729140019,244.4527870602187,0.0,N431BG  ,False,False,False,,5021.58,4846.32,1645328672.8,1645328673.897
2263628,1645328701,a526f5,47.491607666015625,-98.6026382446289,90.66044729140019,244.4527870602187,0.0,N431BG  ,False,False,False,,5021.58,4846.32,1645328672.8,1645328673.897
2263629,1645328702,a526f5,47.491607666015625,-98.6026382446289,90.66044729140019,244.4527870602187,0.0,N431BG  ,False,False,False,,5021.58,4846.32,1645328672.8,1645328673.897
2263630,1645328703,a526f5,47.491607666015625,-98.6026382446289,90.66044729140019,244.4527870602187,0.0,N431BG  ,False,False,False,,5021.58,4846.32,1645328672.8,1645328673.897
2263631,1645328704,a526f5,47.491607666015625,-98.6026382446289,90.66044729140019,244.4527870602187,0.0,N431BG  ,False,False,False,,5021.58,4846.32,1645328672.8,1645328673.897
2263632,1645328705,a526f5,47.491607666015625,-98.6026382446289,90.66044729140019,244.4527870602187,0.0,N431BG  ,False,False,False,,5021.58,4846.32,1645328672.8,1645328673.897
2263633,1645328706,a526f5,47.491607666015625,-98.6026382446289,90.66044729140019,244.4527870602187,0.0,N431BG  ,False,False,False,,5021.58,4846.32,1645328672.8,1645328673.897
2263634,1645328707,a526f5,47.491607666015625,-98.6026382446289,90.66044729140019,244.4527870602187,0.0,N431BG  ,False,False,False,,5021.58,4846.32,1645328672.8,1645328673.897
2263635,1645328708,a526f5,47.491607666015625,-98.6026382446289,90.66044729140019,244.4527870602187,0.0,N431BG  ,False,False,False,,5021.58,4846.32,1645328672.8,1645328673.897
2263636,1645328709,a526f5,47.491607666015625,-98.6026382446289,90.66044729140019,244.4527870602187,0.0,N431BG  ,False,False,False,,5021.58,4846.32,1645328672.8,1645328673.897
2263637,1645328710,a526f5,47.491607666015625,-98.6026382446289,90.66044729140019,244.4527870602187,0.0,N431BG  ,False,False,False,,5021.58,4846.32,1645328672.8,1645328673.897
2263638,1645328711,a526f5,47.491607666015625,-98.6026382446289,90.66044729140019,244.4527870602187,0.0,N431BG  ,False,False,False,,5021.58,4846.32,1645328672.8,1645328673.897
2263639,1645328712,a526f5,47.491607666015625,-98.6026382446289,90.66044729140019,244.4527870602187,0.0,N431BG  ,False,False,False,,5021.58,4846.32,1645328672.8,1645328673.897
2263640,1645328713,a526f5,47.491607666015625,-98.6026382446289,90.66044729140019,244.4527870602187,0.0,N431BG  ,False,False,False,,5021.58,4846.32,1645328672.8,1645328673.897
2263641,1645328714,a526f5,47.491607666015625,-98.6026382446289,90.66044729140019,244.4527870602187,0.0,N431BG  ,False,False,False,,5021.58,4846.32,1645328672.8,1645328673.897
2263642,1645328715,a526f5,47.491607666015625,-98.6026382446289,90.66044729140019,244.4527870602187,0.0,N431BG  ,False,False,False,,5021.58,4846.32,1645328672.8,1645328673.897
2263643,1645328716,a526f5,47.491607666015625,-98.6026382446289,90.66044729140019,244.4527870602187,0.0,N431BG  ,False,False,False,,5021.58,4846.32,1645328672.8,1645328673.897
2263644,1645328717,a526f5,47.491607666015625,-98.6026382446289,90.66044729140019,244.4527870602187,0.0,N431BG  ,False,False,False,,5021.58,4846.32,1645328672.8,1645328673.897
2263645,1645328718,a526f5,47.491607666015625,-98.6026382446289,90.66044729140019,244.4527870602187,0.0,N431BG  ,False,False,False,,5021.58,4846.32,1645328672.8,1645328673.897
2263646,1645328719,a526f5,47.491607666015625,-98.6026382446289,90.66044729140019,244.4527870602187,0.0,N431BG  ,False,False,False,,5021.58,4846.32,1645328672.8,1645328673.897
2263647,1645328720,a526f5,47.491607666015625,-98.6026382446289,90.66044729140019,244.4527870602187,0.0,N431BG  ,False,False,False,,5021.58,4846.32,1645328672.8,1645328673.897
2263648,1645328721,a526f5,47.491607666015625,-98.6026382446289,90.66044729140019,244.4527870602187,0.0,N431BG  ,False,False,False,,5021.58,4846.32,1645328672.8,1645328673.897
2263649,1645328722,a526f5,47.491607666015625,-98.6026382446289,90.66044729140019,244.4527870602187,0.0,N431BG  ,False,False,False,,5021.58,4846.32,1645328672.8,1645328673.897
2263650,1645328723,a526f5,47.491607666015625,-98.6026382446289,90.66044729140019,244.4527870602187,0.0,N431BG  ,False,False,False,,5021.58,4846.32,1645328672.8,1645328673.897
2263651,1645328724,a526f5,47.491607666015625,-98.6026382446289,90.66044729140019,244.4527870602187,0.0,N431BG  ,False,False,False,,5021.58,4846.32,1645328672.8,1645328673.897
2263652,1645328725,a526f5,47.491607666015625,-98.6026382446289,90.66044729140019,244.4527870602187,0.0,N431BG  ,False,False,False,,5021.58,4846.32,1645328672.8,1645328673.897
2263653,1645328726,a526f5,47.491607666015625,-98.6026382446289,90.66044729140019,244.4527870602187,0.0,N431BG  ,False,False,False,,5021.58,4846.32,1645328672.8,1645328673.897
2263654,1645328727,a526f5,47.491607666015625,-98.6026382446289,90.66044729140019,244.4527870602187,0.0,N431BG  ,False,False,False,,5021.58,4846.32,1645328672.8,1645328673.897
2263655,1645328728,a526f5,47.491607666015625,-98.6026382446289,90.66044729140019,244.4527870602187,0.0,N431BG  ,False,False,False,,5021.58,4846.32,1645328672.8,1645328673.897
2263656,1645328729,a526f5,47.491607666015625,-98.6026382446289,90.66044729140019,244.4527870602187,0.0,N431BG  ,False,False,False,,5021.58,4846.32,1645328672.8,1645328673.897
2263657,1645328730,a526f5,47.491607666015625,-98.6026382446289,90.66044729140019,244.4527870602187,0.0,N431BG  ,False,False,False,,5021.58,4846.32,1645328672.8,1645328673.897
2263658,1645328731,a526f5,47.491607666015625,-98.6026382446289,90.66044729140019,244.4527870602187,0.0,N431BG  ,False,False,False,,5021.58,4846.32,1645328672.8,1645328673.897
2263659,1645328732,a526f5,47.491607666015625,-98.6026382446289,90.66044729140019,244.4527870602187,0.0,N431BG  ,False,False,False,,5021.58,4846.32,1645328672.8,1645328673.897
2263660,1645328733,a526f5,47.491607666015625,-98.6026382446289,90.66044729140019,244.4527870602187,0.0,N431BG  ,False,False,False,,5021.58,4846.32,1645328672.8,1645328673.897
2263661,1645328734,a526f5,47.491607666015625,-98.6026382446289,90.66044729140019,244.4527870602187,0.0,N431BG  ,False,False,False,,5021.58,4846.32,1645328672.8,1645328673.897
2263662,1645328735,a526f5,47.491607666015625,-98.6026382446289,90.66044729140019,244.4527870602187,0.0,N431BG  ,False,False,False,,5021.58,4846.32,1645328672.8,1645328673.897
2263663,1645328736,a526f5,47.491607666015625,-98.6026382446289,90.66044729140019,244.4527870602187,0.0,N431BG  ,False,False,False,,5021.58,4846.32,1645328672.8,1645328673.897
2263664,1645328737,a526f5,47.491607666015625,-98.6026382446289,90.66044729140019,244.4527870602187,0.0,N431BG  ,False,False,False,,5021.58,4846.32,1645328672.8,1645328673.897
2263665,1645328738,a526f5,47.491607666015625,-98.6026382446289,90.66044729140019,244.4527870602187,0.0,N431BG  ,False,False,False,,5021.58,4846.32,1645328672.8,1645328673.897
2263666,1645328739,a526f5,47.491607666015625,-98.6026382446289,90.66044729140019,244.4527870602187,0.0,N431BG  ,False,False,False,,5021.58,4846.32,1645328672.8,1645328673.897
2263667,1645328740,a526f5,47.491607666015625,-98.6026382446289,90.66044729140019,244.4527870602187,0.0,N431BG  ,False,False,False,,5021.58,4846.32,1645328672.8,1645328673.897
2263668,1645328741,a526f5,47.491607666015625,-98.6026382446289,90.66044729140019,244.4527870602187,0.0,N431BG  ,False,False,False,,5021.58,4846.32,1645328672.8,1645328673.897
2263669,1645328742,a526f5,47.491607666015625,-98.6026382446289,90.66044729140019,244.4527870602187,0.0,N431BG  ,False,False,False,,5021.58,4846.32,1645328672.8,1645328673.897
2263670,1645328743,a526f5,47.491607666015625,-98.6026382446289,90.66044729140019,244.4527870602187,0.0,N431BG  ,False,False,False,,5021.58,4846.32,1645328672.8,1645328673.897
2263671,1645328744,a526f5,47.491607666015625,-98.6026382446289,90.66044729140019,244.4527870602187,0.0,N431BG  ,False,False,False,,5021.58,4846.32,1645328672.8,1645328673.897
2263672,1645328745,a526f5,47.491607666015625,-98.6026382446289,90.66044729140019,244.4527870602187,0.0,N431BG  ,False,False,False,,5021.58,4846.32,1645328672.8,1645328673.897
2263673,1645328746,a526f5,47.491607666015625,-98.6026382446289,90.66044729140019,244.4527870602187,0.0,N431BG  ,False,False,False,,5021.58,4846.32,1645328672.8,1645328673.897
2263674,1645328747,a526f5,47.491607666015625,-98.6026382446289,90.66044729140019,244.4527870602187,0.0,N431BG  ,False,False,False,,5021.58,4846.32,1645328672.8,1645328673.897
2263675,1645328748,a526f5,47.491607666015625,-98.6026382446289,90.66044729140019,244.4527870602187,0.0,N431BG  ,False,False,False,,5021.58,4846.32,1645328672.8,1645328673.897
2263676,1645328749,a526f5,47.491607666015625,-98.6026382446289,90.66044729140019,244.4527870602187,0.0,N431BG  ,False,False,False,,5021.58,4846.32,1645328672.8,1645328673.897
2263677,1645328750,a526f5,47.491607666015625,-98.6026382446289,90.66044729140019,244.4527870602187,0.0,N431BG  ,False,False,False,,5021.58,4846.32,1645328672.8,1645328673.897
2263678,1645328751,a526f5,47.491607666015625,-98.6026382446289,90.66044729140019,244.4527870602187,0.0,N431BG  ,False,False,False,,5021.58,4846.32,1645328672.8,1645328673.897
2263679,1645328752,a526f5,47.491607666015625,-98.6026382446289,90.66044729140019,244.4527870602187,0.0,N431BG  ,False,False,False,,5021.58,4846.32,1645328672.8,1645328673.897
2263680,1645328753,a526f5,47.491607666015625,-98.6026382446289,90.66044729140019,244.4527870602187,0.0,N431BG  ,False,False,False,,5021.58,4846.32,1645328672.8,1645328673.897
2263681,1645328754,a526f5,47.491607666015625,-98.6026382446289,90.66044729140019,244.4527870602187,0.0,N431BG  ,False,False,False,,5021.58,4846.32,1645328672.8,1645328673.897
2263682,1645328755,a526f5,47.491607666015625,-98.6026382446289,90.66044729140019,244.4527870602187,0.0,N431BG  ,False,False,False,,5021.58,4846.32,1645328672.8,1645328673.897
2263683,1645328756,a526f5,47.491607666015625,-98.6026382446289,90.66044729140019,244.4527870602187,0.0,N431BG  ,False,False,False,,5021.58,4846.32,1645328672.8,1645328673.897
2263684,1645328757,a526f5,47.491607666015625,-98.6026382446289,90.66044729140019,244.4527870602187,0.0,N431BG  ,False,False,False,,5021.58,4846.32,1645328672.8,1645328673.897
2263685,1645328758,a526f5,47.491607666015625,-98.6026382446289,90.66044729140019,244.4527870602187,0.0,N431BG  ,False,False,False,,5021.58,4846.32,1645328672.8,1645328673.897
2263686,1645328759,a526f5,47.491607666015625,-98.6026382446289,90.66044729140019,244.4527870602187,0.0,N431BG  ,False,False,False,,5021.58,4846.32,1645328672.8,1645328673.897
2263687,1645328760,a526f5,47.491607666015625,-98.6026382446289,90.66044729140019,244.4527870602187,0.0,N431BG  ,False,False,False,,5021.58,4846.32,1645328672.8,1645328673.897
2263688,1645328761,a526f5,47.491607666015625,-98.6026382446289,90.66044729140019,244.4527870602187,0.0,N431BG  ,False,False,False,,5021.58,4846.32,1645328672.8,1645328673.897
2263689,1645328762,a526f5,47.491607666015625,-98.6026382446289,90.66044729140019,244.4527870602187,0.0,N431BG  ,False,False,False,,5021.58,4846.32,1645328672.8,1645328673.897
2263690,1645328763,a526f5,47.491607666015625,-98.6026382446289,90.66044729140019,244.4527870602187,0.0,N431BG  ,False,False,False,,5021.58,4846.32,1645328672.8,1645328673.897
2263691,1645328764,a526f5,47.491607666015625,-98.6026382446289,90.66044729140019,244.4527870602187,0.0,N431BG  ,False,False,False,,5021.58,4846.32,1645328672.8,1645328673.897
2263692,1645328765,a526f5,47.491607666015625,-98.6026382446289,90.66044729140019,244.4527870602187,0.0,N431BG  ,False,False,False,,5021.58,4846.32,1645328672.8,1645328673.897
2263693,1645328766,a526f5,47.491607666015625,-98.6026382446289,90.66044729140019,244.4527870602187,0.0,N431BG  ,False,False,False,,5021.58,4846.32,1645328672.8,1645328673.897
2263694,1645328767,a526f5,47.491607666015625,-98.6026382446289,90.66044729140019,244.4527870602187,0.0,N431BG  ,False,False,False,,5021.58,4846.32,1645328672.8,1645328673.897
2263695,1645328768,a526f5,47.491607666015625,-98.6026382446289,90.66044729140019,244.4527870602187,0.0,N431BG  ,False,False,False,,5021.58,4846.32,1645328672.8,1645328673.897
2263696,1645328769,a526f5,47.491607666015625,-98.6026382446289,90.66044729140019,244.4527870602187,0.0,N431BG  ,False,False,False,,5021.58,4846.32,1645328672.8,1645328673.897
2263697,1645328770,a526f5,47.491607666015625,-98.6026382446289,90.66044729140019,244.4527870602187,0.0,N431BG  ,False,False,False,,5021.58,4846.32,1645328672.8,1645328673.897
2263698,1645328771,a526f5,47.491607666015625,-98.6026382446289,90.66044729140019,244.4527870602187,0.0,N431BG  ,False,False,False,,5021.58,4846.32,1645328672.8,1645328673.897
2263699,1645328772,a526f5,47.491607666015625,-98.6026382446289,90.66044729140019,244.4527870602187,0.0,N431BG  ,False,False,False,,5021.58,4846.32,1645328672.8,1645328673.897
2263700,1645328773,a526f5,47.491607666015625,-98.6026382446289,90.66044729140019,244.4527870602187,0.0,N431BG  ,False,False,False,,5021.58,4846.32,1645328672.8,1645328673.897
2263701,1645328774,a526f5,47.491607666015625,-98.6026382446289,90.66044729140019,244.4527870602187,0.0,N431BG  ,False,False,False,,5021.58,4846.32,1645328672.8,1645328673.897
2263702,1645328775,a526f5,47.491607666015625,-98.6026382446289,90.66044729140019,244.4527870602187,0.0,N431BG  ,False,False,False,,5021.58,4846.32,1645328672.8,1645328673.897
2263703,1645328776,a526f5,47.491607666015625,-98.6026382446289,90.66044729140019,244.4527870602187,0.0,N431BG  ,False,False,False,,5021.58,4846.32,1645328672.8,1645328673.897
2263704,1645328777,a526f5,47.491607666015625,-98.6026382446289,90.66044729140019,244.4527870602187,0.0,N431BG  ,False,False,False,,5021.58,4846.32,1645328672.8,1645328673.897
2263705,1645328778,a526f5,47.491607666015625,-98.6026382446289,90.66044729140019,244.4527870602187,0.0,N431BG  ,False,False,False,,5021.58,4846.32,1645328672.8,1645328673.897
2263706,1645328779,a526f5,47.491607666015625,-98.6026382446289,90.66044729140019,244.4527870602187,0.0,N431BG  ,False,False,False,,5021.58,4846.32,1645328672.8,1645328673.897
2263707,1645328780,a526f5,47.491607666015625,-98.6026382446289,90.66044729140019,244.4527870602187,0.0,N431BG  ,False,False,False,,5021.58,4846.32,1645328672.8,1645328673.897
2263708,1645328781,a526f5,47.491607666015625,-98.6026382446289,90.66044729140019,244.4527870602187,0.0,N431BG  ,False,False,False,,5021.58,4846.32,1645328672.8,1645328673.897
2263709,1645328782,a526f5,47.491607666015625,-98.6026382446289,90.66044729140019,244.4527870602187,0.0,N431BG  ,False,False,False,,5021.58,4846.32,1645328672.8,1645328673.897
2263710,1645328783,a526f5,47.491607666015625,-98.6026382446289,90.66044729140019,244.4527870602187,0.0,N431BG  ,False,False,False,,5021.58,4846.32,1645328672.8,1645328673.897
2263711,1645328784,a526f5,47.491607666015625,-98.6026382446289,90.66044729140019,244.4527870602187,0.0,N431BG  ,False,False,False,,5021.58,4846.32,1645328672.8,1645328673.897
2263712,1645328785,a526f5,47.491607666015625,-98.6026382446289,90.66044729140019,244.4527870602187,0.0,N431BG  ,False,False,False,,5021.58,4846.32,1645328672.8,1645328673.897
2263713,1645328786,a526f5,47.491607666015625,-98.6026382446289,90.66044729140019,244.4527870602187,0.0,N431BG  ,False,False,False,,5021.58,4846.32,1645328672.8,1645328673.897
2263714,1645328787,a526f5,47.491607666015625,-98.6026382446289,90.66044729140019,244.4527870602187,0.0,N431BG  ,False,False,False,,5021.58,4846.32,1645328672.8,1645328673.897
2263715,1645328788,a526f5,47.491607666015625,-98.6026382446289,90.66044729140019,244.4527870602187,0.0,N431BG  ,False,False,False,,5021.58,4846.32,1645328672.8,1645328673.897
2263716,1645328789,a526f5,47.491607666015625,-98.6026382446289,90.66044729140019,244.4527870602187,0.0,N431BG  ,False,False,False,,5021.58,4846.32,1645328672.8,1645328673.897
2263717,1645328790,a526f5,47.491607666015625,-98.6026382446289,90.66044729140019,244.4527870602187,0.0,N431BG  ,False,False,False,,5021.58,4846.32,1645328672.8,1645328673.897
2263718,1645328791,a526f5,47.491607666015625,-98.6026382446289,90.66044729140019,244.4527870602187,0.0,N431BG  ,False,False,False,,5021.58,4846.32,1645328672.8,1645328673.897
2263719,1645328792,a526f5,47.491607666015625,-98.6026382446289,90.66044729140019,244.4527870602187,0.0,N431BG  ,False,False,False,,5021.58,4846.32,1645328672.8,1645328673.897
2263720,1645328793,a526f5,47.491607666015625,-98.6026382446289,90.66044729140019,244.4527870602187,0.0,N431BG  ,False,False,False,,5021.58,4846.32,1645328672.8,1645328673.897
2263721,1645328794,a526f5,47.491607666015625,-98.6026382446289,90.66044729140019,244.4527870602187,0.0,N431BG  ,False,False,False,,5021.58,4846.32,1645328672.8,1645328673.897
2263722,1645328795,a526f5,47.491607666015625,-98.6026382446289,90.66044729140019,244.4527870602187,0.0,N431BG  ,False,False,False,,5021.58,4846.32,1645328672.8,1645328673.897
2263723,1645328796,a526f5,47.491607666015625,-98.6026382446289,90.66044729140019,244.4527870602187,0.0,N431BG  ,False,False,False,,5021.58,4846.32,1645328672.8,1645328673.897
2263724,1645328797,a526f5,47.491607666015625,-98.6026382446289,90.66044729140019,244.4527870602187,0.0,N431BG  ,False,False,False,,5021.58,4846.32,1645328672.8,1645328673.897
2263725,1645328798,a526f5,47.491607666015625,-98.6026382446289,90.66044729140019,244.4527870602187,0.0,N431BG  ,False,False,False,,5021.58,4846.32,1645328672.8,1645328673.897
2263726,1645328799,a526f5,47.491607666015625,-98.6026382446289,90.66044729140019,244.4527870602187,0.0,N431BG  ,False,False,False,,5021.58,4846.32,1645328672.8,1645328673.897
2263727,1645328800,a526f5,47.491607666015625,-98.6026382446289,90.66044729140019,244.4527870602187,0.0,N431BG  ,False,False,False,,5021.58,4846.32,1645328672.8,1645328673.897
2263728,1645328801,a526f5,47.491607666015625,-98.6026382446289,90.66044729140019,244.4527870602187,0.0,N431BG  ,False,False,False,,5021.58,4846.32,1645328672.8,1645328673.897
2263729,1645328802,a526f5,47.491607666015625,-98.6026382446289,90.66044729140019,244.4527870602187,0.0,N431BG  ,False,False,False,,5021.58,4846.32,1645328672.8,1645328673.897
2263730,1645328803,a526f5,47.491607666015625,-98.6026382446289,90.66044729140019,244.4527870602187,0.0,N431BG  ,False,False,False,,5021.58,4846.32,1645328672.8,1645328673.897
2263731,1645328804,a526f5,47.491607666015625,-98.6026382446289,90.66044729140019,244.4527870602187,0.0,N431BG  ,False,False,False,,5021.58,4846.32,1645328672.8,1645328673.897
2263732,1645328805,a526f5,47.491607666015625,-98.6026382446289,90.66044729140019,244.4527870602187,0.0,N431BG  ,False,False,False,,5021.58,4846.32,1645328672.8,1645328673.897
2263733,1645328806,a526f5,47.491607666015625,-98.6026382446289,90.66044729140019,244.4527870602187,0.0,N431BG  ,False,False,False,,5021.58,4846.32,1645328672.8,1645328673.897
2263734,1645328807,a526f5,47.491607666015625,-98.6026382446289,90.66044729140019,244.4527870602187,0.0,N431BG  ,False,False,False,,5021.58,4846.32,1645328672.8,1645328673.897
2263735,1645328808,a526f5,47.491607666015625,-98.6026382446289,90.66044729140019,244.4527870602187,0.0,N431BG  ,False,False,False,,5021.58,4846.32,1645328672.8,1645328673.897
2263736,1645328809,a526f5,47.491607666015625,-98.6026382446289,90.66044729140019,244.4527870602187,0.0,N431BG  ,False,False,False,,5021.58,4846.32,1645328672.8,1645328673.897
2263737,1645328810,a526f5,47.491607666015625,-98.6026382446289,90.66044729140019,244.4527870602187,0.0,N431BG  ,False,False,False,,5021.58,4846.32,1645328672.8,1645328673.897
2263738,1645328811,a526f5,47.491607666015625,-98.6026382446289,90.66044729140019,244.4527870602187,0.0,N431BG  ,False,False,False,,5021.58,4846.32,1645328672.8,1645328673.897
2263739,1645328812,a526f5,47.491607666015625,-98.6026382446289,90.66044729140019,244.4527870602187,0.0,N431BG  ,False,False,False,,5021.58,4846.32,1645328672.8,1645328673.897
2263740,1645328813,a526f5,47.491607666015625,-98.6026382446289,90.66044729140019,244.4527870602187,0.0,N431BG  ,False,False,False,,5021.58,4846.32,1645328672.8,1645328673.897
2263741,1645328814,a526f5,47.491607666015625,-98.6026382446289,90.66044729140019,244.4527870602187,0.0,N431BG  ,False,False,False,,5021.58,4846.32,1645328672.8,1645328673.897
2263742,1645328815,a526f5,47.491607666015625,-98.6026382446289,90.66044729140019,244.4527870602187,0.0,N431BG  ,False,False,False,,5021.58,4846.32,1645328672.8,1645328673.897
2263743,1645328816,a526f5,47.491607666015625,-98.6026382446289,90.66044729140019,244.4527870602187,0.0,N431BG  ,False,False,False,,5021.58,4846.32,1645328672.8,1645328673.897
2263744,1645328817,a526f5,47.491607666015625,-98.6026382446289,90.66044729140019,244.4527870602187,0.0,N431BG  ,False,False,False,,5021.58,4846.32,1645328672.8,1645328673.897
2263745,1645328818,a526f5,47.491607666015625,-98.6026382446289,90.66044729140019,244.4527870602187,0.0,N431BG  ,False,False,False,,5021.58,4846.32,1645328672.8,1645328673.897
2263746,1645328819,a526f5,47.491607666015625,-98.6026382446289,90.66044729140019,244.4527870602187,0.0,N431BG  ,False,False,False,,5021.58,4846.32,1645328672.8,1645328673.897
2263747,1645328820,a526f5,47.491607666015625,-98.6026382446289,90.66044729140019,244.4527870602187,0.0,N431BG  ,False,False,False,,5021.58,4846.32,1645328672.8,1645328673.897
2263748,1645328821,a526f5,47.491607666015625,-98.6026382446289,90.66044729140019,244.4527870602187,0.0,N431BG  ,False,False,False,,5021.58,4846.32,1645328672.8,1645328673.897
2263749,1645328822,a526f5,47.491607666015625,-98.6026382446289,90.66044729140019,244.4527870602187,0.0,N431BG  ,False,False,False,,5021.58,4846.32,1645328672.8,1645328673.897
2263750,1645328823,a526f5,47.491607666015625,-98.6026382446289,90.66044729140019,244.4527870602187,0.0,N431BG  ,False,False,False,,5021.58,4846.32,1645328672.8,1645328673.897
2263751,1645328824,a526f5,47.491607666015625,-98.6026382446289,90.66044729140019,244.4527870602187,0.0,N431BG  ,False,False,False,,5021.58,4846.32,1645328672.8,1645328673.897
2263752,1645328825,a526f5,47.491607666015625,-98.6026382446289,90.66044729140019,244.4527870602187,0.0,N431BG  ,False,False,False,,5021.58,4846.32,1645328672.8,1645328673.897
2263753,1645328826,a526f5,47.491607666015625,-98.6026382446289,90.66044729140019,244.4527870602187,0.0,N431BG  ,False,False,False,,5021.58,4846.32,1645328672.8,1645328673.897
2263754,1645328827,a526f5,47.491607666015625,-98.6026382446289,90.66044729140019,244.4527870602187,0.0,N431BG  ,False,False,False,,5021.58,4846.32,1645328672.8,1645328673.897
2263755,1645328828,a526f5,47.491607666015625,-98.6026382446289,90.66044729140019,244.4527870602187,0.0,N431BG  ,False,False,False,,5021.58,4846.32,1645328672.8,1645328673.897
2263756,1645328829,a526f5,47.491607666015625,-98.6026382446289,90.66044729140019,244.4527870602187,0.0,N431BG  ,False,False,False,,5021.58,4846.32,1645328672.8,1645328673.897
2263757,1645328830,a526f5,47.491607666015625,-98.6026382446289,90.66044729140019,244.4527870602187,0.0,N431BG  ,False,False,False,,5021.58,4846.32,1645328672.8,1645328673.897
2263758,1645328831,a526f5,47.491607666015625,-98.6026382446289,90.66044729140019,244.4527870602187,0.0,N431BG  ,False,False,False,,5021.58,4846.32,1645328672.8,1645328673.897
2263759,1645328832,a526f5,47.491607666015625,-98.6026382446289,90.66044729140019,244.4527870602187,0.0,N431BG  ,False,False,False,,5021.58,4846.32,1645328672.8,1645328673.897
2263760,1645328833,a526f5,47.491607666015625,-98.6026382446289,90.66044729140019,244.4527870602187,0.0,N431BG  ,False,False,False,,5021.58,4846.32,1645328672.8,1645328673.897
2263761,1645328834,a526f5,47.491607666015625,-98.6026382446289,90.66044729140019,244.4527870602187,0.0,N431BG  ,False,False,False,,5021.58,4846.32,1645328672.8,1645328673.897
2263762,1645328835,a526f5,47.491607666015625,-98.6026382446289,90.66044729140019,244.4527870602187,0.0,N431BG  ,False,False,False,,5021.58,4846.32,1645328672.8,1645328673.897
2263763,1645328836,a526f5,47.491607666015625,-98.6026382446289,90.66044729140019,244.4527870602187,0.0,N431BG  ,False,False,False,,5021.58,4846.32,1645328672.8,1645328673.897
2263764,1645328837,a526f5,47.491607666015625,-98.6026382446289,90.66044729140019,244.4527870602187,0.0,N431BG  ,False,False,False,,5021.58,4846.32,1645328672.8,1645328673.897
2263765,1645328838,a526f5,47.491607666015625,-98.6026382446289,90.66044729140019,244.4527870602187,0.0,N431BG  ,False,False,False,,5021.58,4846.32,1645328672.8,1645328673.897
2263766,1645328839,a526f5,47.491607666015625,-98.6026382446289,90.66044729140019,244.4527870602187,0.0,N431BG  ,False,False,False,,5021.58,4846.32,1645328672.8,1645328673.897
2263767,1645328840,a526f5,47.491607666015625,-98.6026382446289,90.66044729140019,244.4527870602187,0.0,N431BG  ,False,False,False,,5021.58,4846.32,1645328672.8,1645328673.897
2263768,1645328841,a526f5,47.491607666015625,-98.6026382446289,90.66044729140019,244.4527870602187,0.0,N431BG  ,False,False,False,,5021.58,4846.32,1645328672.8,1645328673.897
2263769,1645328842,a526f5,47.491607666015625,-98.6026382446289,90.66044729140019,244.4527870602187,0.0,N431BG  ,False,False,False,,5021.58,4846.32,1645328672.8,1645328673.897
2263770,1645328843,a526f5,47.491607666015625,-98.6026382446289,90.66044729140019,244.4527870602187,0.0,N431BG  ,False,False,False,,5021.58,4846.32,1645328672.8,1645328673.897
2263771,1645328844,a526f5,47.491607666015625,-98.6026382446289,90.66044729140019,244.4527870602187,0.0,N431BG  ,False,False,False,,5021.58,4846.32,1645328672.8,1645328673.897
2263772,1645328845,a526f5,47.491607666015625,-98.6026382446289,90.66044729140019,244.4527870602187,0.0,N431BG  ,False,False,False,,5021.58,4846.32,1645328672.8,1645328673.897
2263773,1645328846,a526f5,47.491607666015625,-98.6026382446289,90.66044729140019,244.4527870602187,0.0,N431BG  ,False,False,False,,5021.58,4846.32,1645328672.8,1645328673.897
2263774,1645328847,a526f5,47.491607666015625,-98.6026382446289,90.66044729140019,244.4527870602187,0.0,N431BG  ,False,False,False,,5021.58,4846.32,1645328672.8,1645328673.897
2263775,1645328848,a526f5,47.491607666015625,-98.6026382446289,90.66044729140019,244.4527870602187,0.0,N431BG  ,False,False,False,,5021.58,4846.32,1645328672.8,1645328673.897
2263776,1645328849,a526f5,47.491607666015625,-98.6026382446289,90.66044729140019,244.4527870602187,0.0,N431BG  ,False,False,False,,5021.58,4846.32,1645328672.8,1645328673.897
2263777,1645328850,a526f5,47.491607666015625,-98.6026382446289,90.66044729140019,244.4527870602187,0.0,N431BG  ,False,False,False,,5021.58,4846.32,1645328672.8,1645328673.897
2263778,1645328851,a526f5,47.491607666015625,-98.6026382446289,90.66044729140019,244.4527870602187,0.0,N431BG  ,False,False,False,,5021.58,4846.32,1645328672.8,1645328673.897
2263779,1645328852,a526f5,47.491607666015625,-98.6026382446289,90.66044729140019,244.4527870602187,0.0,N431BG  ,False,False,False,,5021.58,4846.32,1645328672.8,1645328673.897
2263780,1645328853,a526f5,47.491607666015625,-98.6026382446289,90.66044729140019,244.4527870602187,0.0,N431BG  ,False,False,False,,5021.58,4846.32,1645328672.8,1645328673.897
2263781,1645328854,a526f5,47.491607666015625,-98.6026382446289,90.66044729140019,244.4527870602187,0.0,N431BG  ,False,False,False,,5021.58,4846.32,1645328672.8,1645328673.897
2263782,1645328855,a526f5,47.491607666015625,-98.6026382446289,90.66044729140019,244.4527870602187,0.0,N431BG  ,False,False,False,,5021.58,4846.32,1645328672.8,1645328673.897
2263783,1645328856,a526f5,47.491607666015625,-98.6026382446289,90.66044729140019,244.4527870602187,0.0,N431BG  ,False,False,False,,5021.58,4846.32,1645328672.8,1645328673.897
2263784,1645328857,a526f5,47.491607666015625,-98.6026382446289,90.66044729140019,244.4527870602187,0.0,N431BG  ,False,False,False,,5021.58,4846.32,1645328672.8,1645328673.897
2263785,1645328858,a526f5,47.491607666015625,-98.6026382446289,90.66044729140019,244.4527870602187,0.0,N431BG  ,False,False,False,,5021.58,4846.32,1645328672.8,1645328673.897
2263786,1645328859,a526f5,47.491607666015625,-98.6026382446289,90.66044729140019,244.4527870602187,0.0,N431BG  ,False,False,False,,5021.58,4846.32,1645328672.8,1645328673.897
2263787,1645328860,a526f5,47.491607666015625,-98.6026382446289,90.66044729140019,244.4527870602187,0.0,N431BG  ,False,False,False,,5021.58,4846.32,1645328672.8,1645328673.897
2263788,1645328861,a526f5,47.491607666015625,-98.6026382446289,90.66044729140019,244.4527870602187,0.0,N431BG  ,False,False,False,,5021.58,4846.32,1645328672.8,1645328673.897
2263789,1645328862,a526f5,47.491607666015625,-98.6026382446289,90.66044729140019,244.4527870602187,0.0,N431BG  ,False,False,False,,5021.58,4846.32,1645328672.8,1645328673.897
2263790,1645328863,a526f5,47.491607666015625,-98.6026382446289,90.66044729140019,244.4527870602187,0.0,N431BG  ,False,False,False,,5021.58,4846.32,1645328672.8,1645328673.897
2264815,1645328864,a526f5,47.491607666015625,-98.6026382446289,90.66044729140019,244.4527870602187,0.0,N431BG  ,False,False,False,,5021.58,4846.32,1645328672.8,1645328673.897
2264816,1645328865,a526f5,47.491607666015625,-98.6026382446289,90.66044729140019,244.4527870602187,0.0,N431BG  ,False,False,False,,5021.58,4846.32,1645328672.8,1645328673.897
2264817,1645328866,a526f5,47.491607666015625,-98.6026382446289,90.66044729140019,244.4527870602187,0.0,N431BG  ,False,False,False,,5021.58,4846.32,1645328672.8,1645328673.897
2264818,1645328867,a526f5,47.491607666015625,-98.6026382446289,90.66044729140019,244.4527870602187,0.0,N431BG  ,False,False,False,,5021.58,4846.32,1645328672.8,1645328673.897
2264819,1645328868,a526f5,47.491607666015625,-98.6026382446289,90.66044729140019,244.4527870602187,0.0,N431BG  ,False,False,False,,5021.58,4846.32,1645328672.8,1645328673.897
2264820,1645328869,a526f5,47.491607666015625,-98.6026382446289,90.66044729140019,244.4527870602187,0.0,N431BG  ,False,False,False,,5021.58,4846.32,1645328672.8,1645328673.897
2264821,1645328870,a526f5,47.491607666015625,-98.6026382446289,90.66044729140019,244.4527870602187,0.0,N431BG  ,False,False,False,,5021.58,4846.32,1645328672.8,1645328673.897
2264822,1645328871,a526f5,47.491607666015625,-98.6026382446289,90.66044729140019,244.4527870602187,0.0,N431BG  ,False,False,False,,5021.58,4846.32,1645328672.8,1645328673.897
2264823,1645328872,a526f5,47.491607666015625,-98.6026382446289,90.66044729140019,244.4527870602187,0.0,N431BG  ,False,False,False,,5021.58,4846.32,1645328672.8,1645328673.897
2264824,1645328873,a526f5,47.491607666015625,-98.6026382446289,90.66044729140019,244.4527870602187,0.0,N431BG  ,False,False,False,,5021.58,4846.32,1645328672.8,1645328673.897
2264825,1645328874,a526f5,47.491607666015625,-98.6026382446289,90.66044729140019,244.4527870602187,0.0,N431BG  ,False,False,False,,5021.58,4846.32,1645328672.8,1645328673.897
2264826,1645328875,a526f5,47.491607666015625,-98.6026382446289,90.66044729140019,244.4527870602187,0.0,N431BG  ,False,False,False,,5021.58,4846.32,1645328672.8,1645328673.897
2264827,1645328876,a526f5,47.491607666015625,-98.6026382446289,90.66044729140019,244.4527870602187,0.0,N431BG  ,False,False,False,,5021.58,4846.32,1645328672.8,1645328673.897
2264828,1645328877,a526f5,47.491607666015625,-98.6026382446289,90.66044729140019,244.4527870602187,0.0,N431BG  ,False,False,False,,5021.58,4846.32,1645328672.8,1645328673.897
2264829,1645328878,a526f5,47.491607666015625,-98.6026382446289,90.66044729140019,244.4527870602187,0.0,N431BG  ,False,False,False,,5021.58,4846.32,1645328672.8,1645328673.897
2264830,1645328879,a526f5,47.491607666015625,-98.6026382446289,90.66044729140019,244.4527870602187,0.0,N431BG  ,False,False,False,,5021.58,4846.32,1645328672.8,1645328673.897
2264831,1645328880,a526f5,47.491607666015625,-98.6026382446289,90.66044729140019,244.4527870602187,0.0,N431BG  ,False,False,False,,5021.58,4846.32,1645328672.8,1645328673.897
2264832,1645328881,a526f5,47.491607666015625,-98.6026382446289,90.66044729140019,244.4527870602187,0.0,N431BG  ,False,False,False,,5021.58,4846.32,1645328672.8,1645328673.897
2264833,1645328882,a526f5,47.491607666015625,-98.6026382446289,90.66044729140019,244.4527870602187,0.0,N431BG  ,False,False,False,,5021.58,4846.32,1645328672.8,1645328673.897
2264834,1645328883,a526f5,47.491607666015625,-98.6026382446289,90.66044729140019,244.4527870602187,0.0,N431BG  ,False,False,False,,5021.58,4846.32,1645328672.8,1645328673.897
2264835,1645328884,a526f5,47.491607666015625,-98.6026382446289,90.66044729140019,244.4527870602187,0.0,N431BG  ,False,False,False,,5021.58,4846.32,1645328672.8,1645328673.897
2264836,1645328885,a526f5,47.491607666015625,-98.6026382446289,90.66044729140019,244.4527870602187,0.0,N431BG  ,False,False,False,,5021.58,4846.32,1645328672.8,1645328673.897
2264837,1645328886,a526f5,47.491607666015625,-98.6026382446289,90.66044729140019,244.4527870602187,0.0,N431BG  ,False,False,False,,5021.58,4846.32,1645328672.8,1645328673.897
2264838,1645328887,a526f5,47.491607666015625,-98.6026382446289,90.66044729140019,244.4527870602187,0.0,N431BG  ,False,False,False,,5021.58,4846.32,1645328672.8,1645328673.897
2264839,1645328888,a526f5,47.491607666015625,-98.6026382446289,90.66044729140019,244.4527870602187,0.0,N431BG  ,False,False,False,,5021.58,4846.32,1645328672.8,1645328673.897
2264840,1645328889,a526f5,47.491607666015625,-98.6026382446289,90.66044729140019,244.4527870602187,0.0,N431BG  ,False,False,False,,5021.58,4846.32,1645328672.8,1645328673.897
2264841,1645328890,a526f5,47.491607666015625,-98.6026382446289,90.66044729140019,244.4527870602187,0.0,N431BG  ,False,False,False,,5021.58,4846.32,1645328672.8,1645328673.897
2264842,1645328891,a526f5,47.491607666015625,-98.6026382446289,90.66044729140019,244.4527870602187,0.0,N431BG  ,False,False,False,,5021.58,4846.32,1645328672.8,1645328673.897
2264843,1645328892,a526f5,47.491607666015625,-98.6026382446289,90.66044729140019,244.4527870602187,0.0,N431BG  ,False,False,False,,5021.58,4846.32,1645328672.8,1645328673.897
2264844,1645328893,a526f5,47.491607666015625,-98.6026382446289,90.66044729140019,244.4527870602187,0.0,N431BG  ,False,False,False,,5021.58,4846.32,1645328672.8,1645328673.897
2264845,1645328894,a526f5,47.491607666015625,-98.6026382446289,90.66044729140019,244.4527870602187,0.0,N431BG  ,False,False,False,,5021.58,4846.32,1645328672.8,1645328673.897
2264846,1645328895,a526f5,47.491607666015625,-98.6026382446289,90.66044729140019,244.4527870602187,0.0,N431BG  ,False,False,False,,5021.58,4846.32,1645328672.8,1645328673.897
2264847,1645328896,a526f5,47.491607666015625,-98.6026382446289,90.66044729140019,244.4527870602187,0.0,N431BG  ,False,False,False,,5021.58,4846.32,1645328672.8,1645328673.897
2264848,1645328897,a526f5,47.491607666015625,-98.6026382446289,90.66044729140019,244.4527870602187,0.0,N431BG  ,False,False,False,,5021.58,4846.32,1645328672.8,1645328673.897
2264849,1645328898,a526f5,47.491607666015625,-98.6026382446289,90.66044729140019,244.4527870602187,0.0,N431BG  ,False,False,False,,5021.58,4846.32,1645328672.8,1645328673.897
2264850,1645328899,a526f5,47.491607666015625,-98.6026382446289,90.66044729140019,244.4527870602187,0.0,N431BG  ,False,False,False,,5021.58,4846.32,1645328672.8,1645328673.897
2264851,1645328900,a526f5,47.491607666015625,-98.6026382446289,90.66044729140019,244.4527870602187,0.0,N431BG  ,False,False,False,,5021.58,4846.32,1645328672.8,1645328673.897
2264852,1645328901,a526f5,47.491607666015625,-98.6026382446289,90.66044729140019,244.4527870602187,0.0,N431BG  ,False,False,False,,5021.58,4846.32,1645328672.8,1645328673.897
2264853,1645328902,a526f5,47.491607666015625,-98.6026382446289,90.66044729140019,244.4527870602187,0.0,N431BG  ,False,False,False,,5021.58,4846.32,1645328672.8,1645328673.897
2264854,1645328903,a526f5,47.491607666015625,-98.6026382446289,90.66044729140019,244.4527870602187,0.0,N431BG  ,False,False,False,,5021.58,4846.32,1645328672.8,1645328673.897
2264855,1645328904,a526f5,47.491607666015625,-98.6026382446289,90.66044729140019,244.4527870602187,0.0,N431BG  ,False,False,False,,5021.58,4846.32,1645328672.8,1645328673.897
2264856,1645328905,a526f5,47.491607666015625,-98.6026382446289,90.66044729140019,244.4527870602187,0.0,N431BG  ,False,False,False,,5021.58,4846.32,1645328672.8,1645328673.897
2264857,1645328906,a526f5,47.491607666015625,-98.6026382446289,90.66044729140019,244.4527870602187,0.0,N431BG  ,False,False,False,,5021.58,4846.32,1645328672.8,1645328673.897
2264858,1645328907,a526f5,47.491607666015625,-98.6026382446289,90.66044729140019,244.4527870602187,0.0,N431BG  ,False,False,False,,5021.58,4846.32,1645328672.8,1645328673.897
2264859,1645328908,a526f5,47.491607666015625,-98.6026382446289,90.66044729140019,244.4527870602187,0.0,N431BG  ,False,False,False,,5021.58,4846.32,1645328672.8,1645328673.897
2264860,1645328909,a526f5,47.491607666015625,-98.6026382446289,90.66044729140019,244.4527870602187,0.0,N431BG  ,False,False,False,,5021.58,4846.32,1645328672.8,1645328673.897
2264861,1645328910,a526f5,47.491607666015625,-98.6026382446289,90.66044729140019,244.4527870602187,0.0,N431BG  ,False,False,False,,5021.58,4846.32,1645328672.8,1645328673.897
2264862,1645328911,a526f5,47.491607666015625,-98.6026382446289,90.66044729140019,244.4527870602187,0.0,N431BG  ,False,False,False,,5021.58,4846.32,1645328672.8,1645328673.897
2264863,1645328912,a526f5,47.491607666015625,-98.6026382446289,90.66044729140019,244.4527870602187,0.0,N431BG  ,False,False,False,,5021.58,4846.32,1645328672.8,1645328673.897
2264864,1645328913,a526f5,47.491607666015625,-98.6026382446289,90.66044729140019,244.4527870602187,0.0,N431BG  ,False,False,False,,5021.58,4846.32,1645328672.8,1645328673.897
2264865,1645328914,a526f5,47.491607666015625,-98.6026382446289,90.66044729140019,244.4527870602187,0.0,N431BG  ,False,False,False,,5021.58,4846.32,1645328672.8,1645328673.897
2264866,1645328915,a526f5,47.491607666015625,-98.6026382446289,90.66044729140019,244.4527870602187,0.0,N431BG  ,False,False,False,,5021.58,4846.32,1645328672.8,1645328673.897
2264867,1645328916,a526f5,47.491607666015625,-98.6026382446289,90.66044729140019,244.4527870602187,0.0,N431BG  ,False,False,False,,5021.58,4846.32,1645328672.8,1645328673.897
2264868,1645328917,a526f5,47.491607666015625,-98.6026382446289,90.66044729140019,244.4527870602187,0.0,N431BG  ,False,False,False,,5021.58,4846.32,1645328672.8,1645328673.897
2264869,1645328918,a526f5,47.491607666015625,-98.6026382446289,90.66044729140019,244.4527870602187,0.0,N431BG  ,False,False,False,,5021.58,4846.32,1645328672.8,1645328673.897
2264870,1645328919,a526f5,47.491607666015625,-98.6026382446289,90.66044729140019,244.4527870602187,0.0,N431BG  ,False,False,False,,5021.58,4846.32,1645328672.8,1645328673.897
2264871,1645328920,a526f5,47.491607666015625,-98.6026382446289,90.66044729140019,244.4527870602187,0.0,N431BG  ,False,False,False,,5021.58,4846.32,1645328672.8,1645328673.897
2264872,1645328921,a526f5,47.491607666015625,-98.6026382446289,90.66044729140019,244.4527870602187,0.0,N431BG  ,False,False,False,,5021.58,4846.32,1645328672.8,1645328673.897
2264873,1645328922,a526f5,47.491607666015625,-98.6026382446289,90.66044729140019,244.4527870602187,0.0,N431BG  ,False,False,False,,5021.58,4846.32,1645328672.8,1645328673.897
2264874,1645328923,a526f5,47.491607666015625,-98.6026382446289,90.66044729140019,244.4527870602187,0.0,N431BG  ,False,False,False,,5021.58,4846.32,1645328672.8,1645328673.897
2264875,1645328924,a526f5,47.491607666015625,-98.6026382446289,90.66044729140019,244.4527870602187,0.0,N431BG  ,False,False,False,,5021.58,4846.32,1645328672.8,1645328673.897
2264876,1645328925,a526f5,47.491607666015625,-98.6026382446289,90.66044729140019,244.4527870602187,0.0,N431BG  ,False,False,False,,5021.58,4846.32,1645328672.8,1645328673.897
2264877,1645328926,a526f5,47.491607666015625,-98.6026382446289,90.66044729140019,244.4527870602187,0.0,N431BG  ,False,False,False,,5021.58,4846.32,1645328672.8,1645328673.897
2264878,1645328927,a526f5,47.491607666015625,-98.6026382446289,90.66044729140019,244.4527870602187,0.0,N431BG  ,False,False,False,,5021.58,4846.32,1645328672.8,1645328673.897
2264879,1645328928,a526f5,47.491607666015625,-98.6026382446289,90.66044729140019,244.4527870602187,0.0,N431BG  ,False,False,False,,5021.58,4846.32,1645328672.8,1645328673.897
2264880,1645328929,a526f5,47.491607666015625,-98.6026382446289,90.66044729140019,244.4527870602187,0.0,N431BG  ,False,False,False,,5021.58,4846.32,1645328672.8,1645328673.897
2264881,1645328930,a526f5,47.491607666015625,-98.6026382446289,90.66044729140019,244.4527870602187,0.0,N431BG  ,False,False,False,,5021.58,4846.32,1645328672.8,1645328673.897
2264882,1645328931,a526f5,47.491607666015625,-98.6026382446289,90.66044729140019,244.4527870602187,0.0,N431BG  ,False,False,False,,5021.58,4846.32,1645328672.8,1645328673.897
2264883,1645328932,a526f5,47.491607666015625,-98.6026382446289,90.66044729140019,244.4527870602187,0.0,N431BG  ,False,False,False,,5021.58,4846.32,1645328672.8,1645328673.897
2264884,1645328933,a526f5,47.491607666015625,-98.6026382446289,90.66044729140019,244.4527870602187,0.0,N431BG  ,False,False,False,,5021.58,4846.32,1645328672.8,1645328673.897
2264885,1645328934,a526f5,47.491607666015625,-98.6026382446289,90.66044729140019,244.4527870602187,0.0,N431BG  ,False,False,False,,5021.58,4846.32,1645328672.8,1645328673.897
2264886,1645328935,a526f5,47.491607666015625,-98.6026382446289,90.66044729140019,244.4527870602187,0.0,N431BG  ,False,False,False,,5021.58,4846.32,1645328672.8,1645328673.897
2264887,1645328936,a526f5,47.491607666015625,-98.6026382446289,90.66044729140019,244.4527870602187,0.0,N431BG  ,False,False,False,,5021.58,4846.32,1645328672.8,1645328673.897
2264888,1645328937,a526f5,47.491607666015625,-98.6026382446289,90.66044729140019,244.4527870602187,0.0,N431BG  ,False,False,False,,5021.58,4846.32,1645328672.8,1645328673.897
2264889,1645328938,a526f5,47.491607666015625,-98.6026382446289,90.66044729140019,244.4527870602187,0.0,N431BG  ,False,False,False,,5021.58,4846.32,1645328672.8,1645328673.897
2264890,1645328939,a526f5,47.491607666015625,-98.6026382446289,90.66044729140019,244.4527870602187,0.0,N431BG  ,False,False,False,,5021.58,4846.32,1645328672.8,1645328673.897
2264891,1645328940,a526f5,47.491607666015625,-98.6026382446289,90.66044729140019,244.4527870602187,0.0,N431BG  ,False,False,False,,5021.58,4846.32,1645328672.8,1645328673.897
2264892,1645328941,a526f5,47.491607666015625,-98.6026382446289,90.66044729140019,244.4527870602187,0.0,N431BG  ,False,False,False,,5021.58,4846.32,1645328672.8,1645328673.897
2264893,1645328942,a526f5,47.491607666015625,-98.6026382446289,90.66044729140019,244.4527870602187,0.0,N431BG  ,False,False,False,,5021.58,4846.32,1645328672.8,1645328673.897
2264894,1645328943,a526f5,47.491607666015625,-98.6026382446289,90.66044729140019,244.4527870602187,0.0,N431BG  ,False,False,False,,5021.58,4846.32,1645328672.8,1645328673.897
2264895,1645328944,a526f5,47.491607666015625,-98.6026382446289,90.66044729140019,244.4527870602187,0.0,N431BG  ,False,False,False,,5021.58,4846.32,1645328672.8,1645328673.897
2264896,1645328945,a526f5,47.491607666015625,-98.6026382446289,90.66044729140019,244.4527870602187,0.0,N431BG  ,False,False,False,,5021.58,4846.32,1645328672.8,1645328673.897
2264897,1645328946,a526f5,47.491607666015625,-98.6026382446289,90.66044729140019,244.4527870602187,0.0,N431BG  ,False,False,False,,5021.58,4846.32,1645328672.8,1645328673.897
2264898,1645328947,a526f5,47.491607666015625,-98.6026382446289,90.66044729140019,244.4527870602187,0.0,N431BG  ,False,False,False,,5021.58,4846.32,1645328672.8,1645328673.897
2264899,1645328948,a526f5,47.491607666015625,-98.6026382446289,90.66044729140019,244.4527870602187,0.0,N431BG  ,False,False,False,,5021.58,4846.32,1645328672.8,1645328673.897
2264900,1645328949,a526f5,47.491607666015625,-98.6026382446289,90.66044729140019,244.4527870602187,0.0,N431BG  ,False,False,False,,5021.58,4846.32,1645328672.8,1645328673.897
2264901,1645328950,a526f5,47.491607666015625,-98.6026382446289,90.66044729140019,244.4527870602187,0.0,N431BG  ,False,False,False,,5021.58,4846.32,1645328672.8,1645328673.897
2264902,1645328951,a526f5,47.491607666015625,-98.6026382446289,90.66044729140019,244.4527870602187,0.0,N431BG  ,False,False,False,,5021.58,4846.32,1645328672.8,1645328673.897
2264903,1645328952,a526f5,47.491607666015625,-98.6026382446289,90.66044729140019,244.4527870602187,0.0,N431BG  ,False,False,False,,5021.58,4846.32,1645328672.8,1645328673.897
2264904,1645328953,a526f5,47.491607666015625,-98.6026382446289,90.66044729140019,244.4527870602187,0.0,N431BG  ,False,False,False,,5021.58,4846.32,1645328672.8,1645328673.897
2264905,1645328954,a526f5,47.491607666015625,-98.6026382446289,90.66044729140019,244.4527870602187,0.0,N431BG  ,False,False,False,,5021.58,4846.32,1645328672.8,1645328673.897
2264906,1645328955,a526f5,47.491607666015625,-98.6026382446289,90.66044729140019,244.4527870602187,0.0,N431BG  ,False,False,False,,5021.58,4846.32,1645328672.8,1645328673.897
2264907,1645328956,a526f5,47.491607666015625,-98.6026382446289,90.66044729140019,244.4527870602187,0.0,N431BG  ,False,False,False,,5021.58,4846.32,1645328672.8,1645328673.897
2264908,1645328957,a526f5,47.491607666015625,-98.6026382446289,90.66044729140019,244.4527870602187,0.0,N431BG  ,False,False,False,,5021.58,4846.32,1645328672.8,1645328673.897
2264909,1645328958,a526f5,47.491607666015625,-98.6026382446289,90.66044729140019,244.4527870602187,0.0,N431BG  ,False,False,False,,5021.58,4846.32,1645328672.8,1645328673.897
2264910,1645328959,a526f5,47.491607666015625,-98.6026382446289,90.66044729140019,244.4527870602187,0.0,N431BG  ,False,False,False,,5021.58,4846.32,1645328672.8,1645328673.897
2264911,1645328960,a526f5,47.491607666015625,-98.6026382446289,90.66044729140019,244.4527870602187,0.0,N431BG  ,False,False,False,,5021.58,4846.32,1645328672.8,1645328673.897
2264912,1645328961,a526f5,47.491607666015625,-98.6026382446289,90.66044729140019,244.4527870602187,0.0,N431BG  ,False,False,False,,5021.58,4846.32,1645328672.8,1645328673.897
2264913,1645328962,a526f5,47.491607666015625,-98.6026382446289,90.66044729140019,244.4527870602187,0.0,N431BG  ,False,False,False,,5021.58,4846.32,1645328672.8,1645328673.897
2264914,1645328963,a526f5,47.491607666015625,-98.6026382446289,90.66044729140019,244.4527870602187,0.0,N431BG  ,False,False,False,,5021.58,4846.32,1645328672.8,1645328673.897
2264915,1645328964,a526f5,47.491607666015625,-98.6026382446289,90.66044729140019,244.4527870602187,0.0,N431BG  ,False,False,False,,5021.58,4846.32,1645328672.8,1645328673.897
2264916,1645328965,a526f5,47.491607666015625,-98.6026382446289,90.66044729140019,244.4527870602187,0.0,N431BG  ,False,False,False,,5021.58,4846.32,1645328672.8,1645328673.897
2264917,1645328966,a526f5,47.491607666015625,-98.6026382446289,90.66044729140019,244.4527870602187,0.0,N431BG  ,False,False,False,,5021.58,4846.32,1645328672.8,1645328673.897
2264918,1645328967,a526f5,47.491607666015625,-98.6026382446289,90.66044729140019,244.4527870602187,0.0,N431BG  ,False,False,False,,5021.58,4846.32,1645328672.8,1645328673.897
2264919,1645328968,a526f5,47.491607666015625,-98.6026382446289,90.66044729140019,244.4527870602187,0.0,N431BG  ,False,False,False,,5021.58,4846.32,1645328672.8,1645328673.897
2264920,1645328969,a526f5,47.491607666015625,-98.6026382446289,90.66044729140019,244.4527870602187,0.0,N431BG  ,False,False,False,,5021.58,4846.32,1645328672.8,1645328673.897
2264921,1645328970,a526f5,47.491607666015625,-98.6026382446289,90.66044729140019,244.4527870602187,0.0,N431BG  ,False,False,False,,5021.58,4846.32,1645328672.8,1645328673.897
2264922,1645328971,a526f5,47.491607666015625,-98.6026382446289,90.66044729140019,244.4527870602187,0.0,N431BG  ,False,False,False,,5021.58,4846.32,1645328672.8,1645328673.897
2264923,1645328972,a526f5,47.491607666015625,-98.6026382446289,90.66044729140019,244.4527870602187,0.0,N431BG  ,False,False,False,,5021.58,4846.32,1645328672.8,1645328673.897
2264924,1645328973,a526f5,47.491607666015625,-98.6026382446289,90.66044729140019,244.4527870602187,0.0,N431BG  ,False,False,False,,5021.58,4846.32,1645328672.8,1645328673.897
